{"cameraMode":{"drawMode":0,"name":"Shaded","section":"Shading Mode"},"sceneLighting":true,"audioPlay":false,"sceneViewState":{"showFog":true,"showMaterialUpdate":false,"showSkybox":true,"showFlares":true,"showImageEffects":true,"showParticleSystems":true},"in2DMode":false,"pivot":{"x":-49.54205322265625,"y":-39.09629440307617,"z":44.33128356933594},"rotation":{"x":-0.006022984627634287,"y":0.8069207072257996,"z":-0.5905764698982239,"w":-0.008229957893490792},"size":79.33538818359375,"orthographic":false}