{"cameraMode":{"drawMode":0,"name":"Shaded","section":"Shading Mode"},"sceneLighting":true,"audioPlay":false,"sceneViewState":{"showFog":true,"showMaterialUpdate":false,"showSkybox":true,"showFlares":true,"showImageEffects":true,"showParticleSystems":true},"in2DMode":false,"pivot":{"x":1.4158430099487305,"y":-3.6360397338867189,"z":-6.8529791831970219},"rotation":{"x":-0.49066978693008425,"y":-0.5092626214027405,"z":0.4927035868167877,"w":-0.5071026682853699},"size":121.6439437866211,"orthographic":false}