{"cameraMode":{"drawMode":0,"name":"Shaded","section":"Shading Mode"},"sceneLighting":true,"audioPlay":false,"sceneViewState":{"showFog":true,"showMaterialUpdate":false,"showSkybox":true,"showFlares":true,"showImageEffects":true,"showParticleSystems":true},"in2DMode":false,"pivot":{"x":-6.561060905456543,"y":9.368019104003907,"z":-33.164039611816409},"rotation":{"x":-0.31620538234710696,"y":-0.03131215646862984,"z":0.01038822066038847,"w":-0.9481358528137207},"size":67.7072525024414,"orthographic":false}