{"cameraMode":{"drawMode":0,"name":"Shaded","section":"Shading Mode"},"sceneLighting":true,"audioPlay":false,"sceneViewState":{"showFog":true,"showMaterialUpdate":false,"showSkybox":true,"showFlares":true,"showImageEffects":true,"showParticleSystems":true},"in2DMode":false,"pivot":{"x":-26.350492477416993,"y":-3.4864330291748049,"z":59.218780517578128},"rotation":{"x":-0.12436113506555557,"y":0.10546516627073288,"z":-0.01333587896078825,"w":-0.9865362048149109},"size":39.983882904052737,"orthographic":false}